{"cameraMode":{"drawMode":0,"name":"Shaded","section":"Shading Mode"},"sceneLighting":false,"audioPlay":false,"sceneViewState":{"m_AlwaysRefresh":false,"showFog":true,"showSkybox":false,"showFlares":true,"showImageEffects":true,"showParticleSystems":true,"showVisualEffectGraphs":true,"m_FxEnabled":true},"in2DMode":false,"pivot":{"x":1.9645620584487916,"y":0.01942293345928192,"z":0.13075721263885499},"rotation":{"x":0.04281694442033768,"y":-0.1057627871632576,"z":0.0045754867605865,"w":0.9934617280960083},"size":0.41947993636131289,"orthographic":false}