{"cameraMode":{"drawMode":0,"name":"Shaded","section":"Shading Mode"},"sceneLighting":false,"audioPlay":false,"sceneViewState":{"m_AlwaysRefresh":false,"showFog":true,"showSkybox":false,"showFlares":true,"showImageEffects":true,"showParticleSystems":true,"showVisualEffectGraphs":true,"m_FxEnabled":true},"in2DMode":false,"pivot":{"x":-0.5349999666213989,"y":1.81444251537323,"z":1.3324311971664429},"rotation":{"x":0.019170185551047326,"y":-0.04438050836324692,"z":-0.0008518872200511396,"w":-0.9988313317298889},"size":3.625805377960205,"orthographic":false}