{"cameraMode":{"drawMode":0,"name":"Shaded","section":"Shading Mode"},"sceneLighting":false,"audioPlay":false,"sceneViewState":{"m_AlwaysRefresh":false,"showFog":true,"showSkybox":false,"showFlares":true,"showImageEffects":true,"showParticleSystems":true,"showVisualEffectGraphs":true,"m_FxEnabled":true},"in2DMode":false,"pivot":{"x":0.4202122688293457,"y":2.8706212043762209,"z":1.0384516716003419},"rotation":{"x":-0.007648011203855276,"y":-0.9547554850578308,"z":0.024647431448101999,"w":-0.29627513885498049},"size":5.7880754470825199,"orthographic":false}