{"cameraMode":{"drawMode":0,"name":"Shaded","section":"Shading Mode"},"sceneLighting":false,"audioPlay":false,"sceneViewState":{"m_AlwaysRefresh":false,"showFog":true,"showSkybox":false,"showFlares":true,"showImageEffects":true,"showParticleSystems":true,"showVisualEffectGraphs":true,"m_FxEnabled":true},"in2DMode":false,"pivot":{"x":-1.3470499515533448,"y":1.2474924325942994,"z":0.40036386251449587},"rotation":{"x":0.019170185551047326,"y":-0.04438050836324692,"z":-0.0008518872200511396,"w":-0.9988313317298889},"size":2.5020718574523927,"orthographic":false}