{"cameraMode":{"drawMode":0,"name":"Shaded","section":"Shading Mode"},"sceneLighting":false,"audioPlay":false,"sceneViewState":{"m_AlwaysRefresh":false,"showFog":true,"showSkybox":false,"showFlares":true,"showImageEffects":true,"showParticleSystems":true,"showVisualEffectGraphs":true,"m_FxEnabled":true},"in2DMode":false,"pivot":{"x":-0.09016132354736328,"y":0.7809956073760986,"z":-0.04226219654083252},"rotation":{"x":-0.06545782089233399,"y":-0.6268723607063294,"z":0.0529770664870739,"w":-0.7745593786239624},"size":1.813232660293579,"orthographic":false}