{"cameraMode":{"drawMode":0,"name":"Shaded","section":"Shading Mode"},"sceneLighting":false,"audioPlay":false,"sceneViewState":{"m_AlwaysRefresh":false,"showFog":true,"showSkybox":false,"showFlares":true,"showImageEffects":true,"showParticleSystems":true,"showVisualEffectGraphs":true,"m_FxEnabled":true},"in2DMode":false,"pivot":{"x":-0.2611292600631714,"y":-0.015785694122314454,"z":-1.504899024963379},"rotation":{"x":-0.16447290778160096,"y":0.03165430203080177,"z":-0.005280923098325729,"w":-0.9858596324920654},"size":1.7901498079299927,"orthographic":false}