{"cameraMode":{"drawMode":0,"name":"Shaded","section":"Shading Mode"},"sceneLighting":false,"audioPlay":false,"sceneViewState":{"m_AlwaysRefresh":false,"showFog":true,"showSkybox":false,"showFlares":true,"showImageEffects":true,"showParticleSystems":true,"showVisualEffectGraphs":true,"m_FxEnabled":true},"in2DMode":false,"pivot":{"x":7.489860534667969,"y":1.0255615711212159,"z":-3.6788697242736818},"rotation":{"x":-0.18318778276443482,"y":-0.07747896015644074,"z":0.014484114944934845,"w":-0.9799134731292725},"size":4.767273902893066,"orthographic":false}