{"cameraMode":{"drawMode":0,"name":"Shaded","section":"Shading Mode"},"sceneLighting":false,"audioPlay":false,"sceneViewState":{"m_AlwaysRefresh":false,"showFog":true,"showSkybox":false,"showFlares":true,"showImageEffects":true,"showParticleSystems":true,"showVisualEffectGraphs":true,"m_FxEnabled":true},"in2DMode":false,"pivot":{"x":502.82159423828127,"y":364.4554443359375,"z":-15.912933349609375},"rotation":{"x":0.031231224536895753,"y":0.011887721717357636,"z":-0.0003211790753994137,"w":0.9994427561759949},"size":184.0516815185547,"orthographic":false}