{"cameraMode":{"drawMode":0,"name":"Shaded","section":"Shading Mode"},"sceneLighting":false,"audioPlay":false,"sceneViewState":{"m_AlwaysRefresh":false,"showFog":true,"showSkybox":false,"showFlares":true,"showImageEffects":true,"showParticleSystems":true,"showVisualEffectGraphs":true,"m_FxEnabled":true},"in2DMode":false,"pivot":{"x":-7.0561699867248539,"y":2.0512943267822267,"z":-2.470602512359619},"rotation":{"x":0.541846513748169,"y":-0.015190121717751027,"z":0.009854970499873162,"w":0.8402849435806274},"size":13.841798782348633,"orthographic":false}