{"cameraMode":{"drawMode":0,"name":"Shaded","section":"Shading Mode"},"sceneLighting":false,"audioPlay":false,"sceneViewState":{"m_AlwaysRefresh":false,"showFog":true,"showSkybox":false,"showFlares":true,"showImageEffects":true,"showParticleSystems":true,"showVisualEffectGraphs":true,"m_FxEnabled":true},"in2DMode":false,"pivot":{"x":-1.3470499515533448,"y":1.4120500087738038,"z":-0.014893174171447754},"rotation":{"x":0.019170185551047326,"y":-0.04438050836324692,"z":-0.0008518872200511396,"w":-0.9988313317298889},"size":2.4419262409210207,"orthographic":false}