{"cameraMode":{"drawMode":0,"name":"Shaded","section":"Shading Mode"},"sceneLighting":false,"audioPlay":false,"sceneViewState":{"m_AlwaysRefresh":false,"showFog":true,"showSkybox":false,"showFlares":true,"showImageEffects":true,"showParticleSystems":true,"showVisualEffectGraphs":true,"m_FxEnabled":true},"in2DMode":false,"pivot":{"x":1.7881393432617188e-7,"y":0.8180292844772339,"z":-0.23727408051490785},"rotation":{"x":0.2178916335105896,"y":-0.34354719519615176,"z":0.08229710161685944,"w":0.9097964763641357},"size":1.4072504043579102,"orthographic":false}