{"cameraMode":{"drawMode":0,"name":"Shaded","section":"Shading Mode"},"sceneLighting":false,"audioPlay":false,"sceneViewState":{"m_AlwaysRefresh":false,"showFog":true,"showSkybox":false,"showFlares":true,"showImageEffects":true,"showParticleSystems":true,"showVisualEffectGraphs":true,"m_FxEnabled":true},"in2DMode":false,"pivot":{"x":-2.1555685997009279,"y":1.742167592048645,"z":-1.4386963844299317},"rotation":{"x":-0.18519076704978944,"y":0.021221870556473733,"z":-0.003999811597168446,"w":-0.9824671149253845},"size":1.6245529651641846,"orthographic":false}