{"cameraMode":{"drawMode":0,"name":"Shaded","section":"Shading Mode"},"sceneLighting":false,"audioPlay":false,"sceneViewState":{"m_AlwaysRefresh":false,"showFog":true,"showSkybox":false,"showFlares":true,"showImageEffects":true,"showParticleSystems":true,"showVisualEffectGraphs":true,"m_FxEnabled":true},"in2DMode":false,"pivot":{"x":3.9308700561523439,"y":-1.6167716979980469,"z":1.2810420989990235},"rotation":{"x":0.653519332408905,"y":0.0044926842674613,"z":-0.0038126001600176098,"w":0.7568895220756531},"size":10.677078247070313,"orthographic":false}